Metric,1,2,4,8
Accuracy (micro),0.924833357334137,0.9800000190734863,0.968833327293396,0.981166660785675
Accuracy (macro),0.8654791116714478,0.9662916660308838,0.9441875219345093,0.9699374437332153
Accuracy (binary),0.9723333120346069,0.9911666512489319,0.9934999942779541,0.9928333163261414
CCR at FPR = 1e-1,0.8733333349227905,0.9706666469573975,0.9459999799728394,0.9736666679382324
CCR at FPR = 1e-2,0.859666645526886,0.9666666388511658,0.9419999718666077,0.9700000286102295
CCR at FPR = 1e-3,0.5993333458900452,0.871666669845581,0.9279999732971191,0.9233333468437195
